resname,atomname,charge,radius
DA,P,1.165900,2.1000
DA,OP1,-0.776100,1.6612
DA,OP2,-0.776100,1.6612
DA,O5',-0.495400,1.6837
DA,C5',-0.006900,1.9080
DA,H5',0.075400,1.3870
DA,H5'',0.075400,1.3870
DA,C4',0.162900,1.9080
DA,H4',0.117600,1.3870
DA,O4',-0.369100,1.6837
DA,C1',0.043100,1.9080
DA,H1',0.183800,1.2870
DA,N9,-0.026800,1.8240
DA,C8,0.160700,1.9080
DA,H8,0.187700,1.3590
DA,N7,-0.617500,1.8240
DA,C5,0.072500,1.9080
DA,C6,0.689700,1.9080
DA,N6,-0.912300,1.8240
DA,H61,0.416700,0.6000
DA,H62,0.416700,0.6000
DA,N1,-0.762400,1.8240
DA,C2,0.571600,1.9080
DA,H2,0.059800,1.3590
DA,N3,-0.741700,1.8240
DA,C4,0.380000,1.9080
DA,C3',0.071300,1.9080
DA,H3',0.098500,1.3870
DA,C2',-0.085400,1.9080
DA,H2',0.071800,1.4870
DA,H2'',0.071800,1.4870
DA,O3',-0.523200,1.6837
DA3,P,1.165900,2.1000
DA3,OP1,-0.776100,1.6612
DA3,OP2,-0.776100,1.6612
DA3,O5',-0.495400,1.6837
DA3,C5',-0.006900,1.9080
DA3,H5',0.075400,1.3870
DA3,H5'',0.075400,1.3870
DA3,C4',0.162900,1.9080
DA3,H4',0.117600,1.3870
DA3,O4',-0.369100,1.6837
DA3,C1',0.043100,1.9080
DA3,H1',0.183800,1.2870
DA3,N9,-0.026800,1.8240
DA3,C8,0.160700,1.9080
DA3,H8,0.187700,1.3590
DA3,N7,-0.617500,1.8240
DA3,C5,0.072500,1.9080
DA3,C6,0.689700,1.9080
DA3,N6,-0.912300,1.8240
DA3,H61,0.416700,0.6000
DA3,H62,0.416700,0.6000
DA3,N1,-0.762400,1.8240
DA3,C2,0.571600,1.9080
DA3,H2,0.059800,1.3590
DA3,N3,-0.741700,1.8240
DA3,C4,0.380000,1.9080
DA3,C3',0.071300,1.9080
DA3,H3',0.098500,1.3870
DA3,C2',-0.085400,1.9080
DA3,H2',0.071800,1.4870
DA3,H2'',0.071800,1.4870
DA3,O3',-0.654900,1.7210
DA3,H3T,0.439600,0.0000
DA5,H5T,0.442200,0.0000
DA5,O5',-0.631800,1.7210
DA5,C5',-0.006900,1.9080
DA5,H5',0.075400,1.3870
DA5,H5'',0.075400,1.3870
DA5,C4',0.162900,1.9080
DA5,H4',0.117600,1.3870
DA5,O4',-0.369100,1.6837
DA5,C1',0.043100,1.9080
DA5,H1',0.183800,1.2870
DA5,N9,-0.026800,1.8240
DA5,C8,0.160700,1.9080
DA5,H8,0.187700,1.3590
DA5,N7,-0.617500,1.8240
DA5,C5,0.072500,1.9080
DA5,C6,0.689700,1.9080
DA5,N6,-0.912300,1.8240
DA5,H61,0.416700,0.6000
DA5,H62,0.416700,0.6000
DA5,N1,-0.762400,1.8240
DA5,C2,0.571600,1.9080
DA5,H2,0.059800,1.3590
DA5,N3,-0.741700,1.8240
DA5,C4,0.380000,1.9080
DA5,C3',0.071300,1.9080
DA5,H3',0.098500,1.3870
DA5,C2',-0.085400,1.9080
DA5,H2',0.071800,1.4870
DA5,H2'',0.071800,1.4870
DA5,O3',-0.523200,1.6837
DAN,H5T,0.442200,0.0000
DAN,O5',-0.631800,1.7210
DAN,C5',-0.006900,1.9080
DAN,H5',0.075400,1.3870
DAN,H5'',0.075400,1.3870
DAN,C4',0.162900,1.9080
DAN,H4',0.117600,1.3870
DAN,O4',-0.369100,1.6837
DAN,C1',0.043100,1.9080
DAN,H1',0.183800,1.2870
DAN,N9,-0.026800,1.8240
DAN,C8,0.160700,1.9080
DAN,H8,0.187700,1.3590
DAN,N7,-0.617500,1.8240
DAN,C5,0.072500,1.9080
DAN,C6,0.689700,1.9080
DAN,N6,-0.912300,1.8240
DAN,H61,0.416700,0.6000
DAN,H62,0.416700,0.6000
DAN,N1,-0.762400,1.8240
DAN,C2,0.571600,1.9080
DAN,H2,0.059800,1.3590
DAN,N3,-0.741700,1.8240
DAN,C4,0.380000,1.9080
DAN,C3',0.071300,1.9080
DAN,H3',0.098500,1.3870
DAN,C2',-0.085400,1.9080
DAN,H2',0.071800,1.4870
DAN,H2'',0.071800,1.4870
DAN,O3',-0.654900,1.7210
DAN,H3T,0.439600,0.0000
DC,P,1.165900,2.1000
DC,OP1,-0.776100,1.6612
DC,OP2,-0.776100,1.6612
DC,O5',-0.495400,1.6837
DC,C5',-0.006900,1.9080
DC,H5',0.075400,1.3870
DC,H5'',0.075400,1.3870
DC,C4',0.162900,1.9080
DC,H4',0.117600,1.3870
DC,O4',-0.369100,1.6837
DC,C1',-0.011600,1.9080
DC,H1',0.196300,1.2870
DC,N1,-0.033900,1.8240
DC,C6,-0.018300,1.9080
DC,H6,0.229300,1.4090
DC,C5,-0.522200,1.9080
DC,H5,0.186300,1.4590
DC,C4,0.843900,1.9080
DC,N4,-0.977300,1.8240
DC,H41,0.431400,0.6000
DC,H42,0.431400,0.6000
DC,N3,-0.774800,1.8240
DC,C2,0.795900,1.9080
DC,O2,-0.654800,1.6612
DC,C3',0.071300,1.9080
DC,H3',0.098500,1.3870
DC,C2',-0.085400,1.9080
DC,H2',0.071800,1.4870
DC,H2'',0.071800,1.4870
DC,O3',-0.523200,1.6837
DC3,P,1.165900,2.1000
DC3,OP1,-0.776100,1.6612
DC3,OP2,-0.776100,1.6612
DC3,O5',-0.495400,1.6837
DC3,C5',-0.006900,1.9080
DC3,H5',0.075400,1.3870
DC3,H5'',0.075400,1.3870
DC3,C4',0.162900,1.9080
DC3,H4',0.117600,1.3870
DC3,O4',-0.369100,1.6837
DC3,C1',-0.011600,1.9080
DC3,H1',0.196300,1.2870
DC3,N1,-0.033900,1.8240
DC3,C6,-0.018300,1.9080
DC3,H6,0.229300,1.4090
DC3,C5,-0.522200,1.9080
DC3,H5,0.186300,1.4590
DC3,C4,0.843900,1.9080
DC3,N4,-0.977300,1.8240
DC3,H41,0.431400,0.6000
DC3,H42,0.431400,0.6000
DC3,N3,-0.774800,1.8240
DC3,C2,0.795900,1.9080
DC3,O2,-0.654800,1.6612
DC3,C3',0.071300,1.9080
DC3,H3',0.098500,1.3870
DC3,C2',-0.085400,1.9080
DC3,H2',0.071800,1.4870
DC3,H2'',0.071800,1.4870
DC3,O3',-0.654900,1.7210
DC3,H3T,0.439600,0.0000
DC5,H5T,0.442200,0.0000
DC5,O5',-0.631800,1.7210
DC5,C5',-0.006900,1.9080
DC5,H5',0.075400,1.3870
DC5,H5'',0.075400,1.3870
DC5,C4',0.162900,1.9080
DC5,H4',0.117600,1.3870
DC5,O4',-0.369100,1.6837
DC5,C1',-0.011600,1.9080
DC5,H1',0.196300,1.2870
DC5,N1,-0.033900,1.8240
DC5,C6,-0.018300,1.9080
DC5,H6,0.229300,1.4090
DC5,C5,-0.522200,1.9080
DC5,H5,0.186300,1.4590
DC5,C4,0.843900,1.9080
DC5,N4,-0.977300,1.8240
DC5,H41,0.431400,0.6000
DC5,H42,0.431400,0.6000
DC5,N3,-0.774800,1.8240
DC5,C2,0.795900,1.9080
DC5,O2,-0.654800,1.6612
DC5,C3',0.071300,1.9080
DC5,H3',0.098500,1.3870
DC5,C2',-0.085400,1.9080
DC5,H2',0.071800,1.4870
DC5,H2'',0.071800,1.4870
DC5,O3',-0.523200,1.6837
DCN,H5T,0.442200,0.0000
DCN,O5',-0.631800,1.7210
DCN,C5',-0.006900,1.9080
DCN,H5',0.075400,1.3870
DCN,H5'',0.075400,1.3870
DCN,C4',0.162900,1.9080
DCN,H4',0.117600,1.3870
DCN,O4',-0.369100,1.6837
DCN,C1',-0.011600,1.9080
DCN,H1',0.196300,1.2870
DCN,N1,-0.033900,1.8240
DCN,C6,-0.018300,1.9080
DCN,H6,0.229300,1.4090
DCN,C5,-0.522200,1.9080
DCN,H5,0.186300,1.4590
DCN,C4,0.843900,1.9080
DCN,N4,-0.977300,1.8240
DCN,H41,0.431400,0.6000
DCN,H42,0.431400,0.6000
DCN,N3,-0.774800,1.8240
DCN,C2,0.795900,1.9080
DCN,O2,-0.654800,1.6612
DCN,C3',0.071300,1.9080
DCN,H3',0.098500,1.3870
DCN,C2',-0.085400,1.9080
DCN,H2',0.071800,1.4870
DCN,H2'',0.071800,1.4870
DCN,O3',-0.654900,1.7210
DCN,H3T,0.439600,0.0000
DG,P,1.165900,2.1000
DG,OP1,-0.776100,1.6612
DG,OP2,-0.776100,1.6612
DG,O5',-0.495400,1.6837
DG,C5',-0.006900,1.9080
DG,H5',0.075400,1.3870
DG,H5'',0.075400,1.3870
DG,C4',0.162900,1.9080
DG,H4',0.117600,1.3870
DG,O4',-0.369100,1.6837
DG,C1',0.035800,1.9080
DG,H1',0.174600,1.2870
DG,N9,0.057700,1.8240
DG,C8,0.073600,1.9080
DG,H8,0.199700,1.3590
DG,N7,-0.572500,1.8240
DG,C5,0.199100,1.9080
DG,C6,0.491800,1.9080
DG,O6,-0.569900,1.6612
DG,N1,-0.505300,1.8240
DG,H1,0.352000,0.6000
DG,C2,0.743200,1.9080
DG,N2,-0.923000,1.8240
DG,H21,0.423500,0.6000
DG,H22,0.423500,0.6000
DG,N3,-0.663600,1.8240
DG,C4,0.181400,1.9080
DG,C3',0.071300,1.9080
DG,H3',0.098500,1.3870
DG,C2',-0.085400,1.9080
DG,H2',0.071800,1.4870
DG,H2'',0.071800,1.4870
DG,O3',-0.523200,1.6837
DG3,P,1.165900,2.1000
DG3,OP1,-0.776100,1.6612
DG3,OP2,-0.776100,1.6612
DG3,O5',-0.495400,1.6837
DG3,C5',-0.006900,1.9080
DG3,H5',0.075400,1.3870
DG3,H5'',0.075400,1.3870
DG3,C4',0.162900,1.9080
DG3,H4',0.117600,1.3870
DG3,O4',-0.369100,1.6837
DG3,C1',0.035800,1.9080
DG3,H1',0.174600,1.2870
DG3,N9,0.057700,1.8240
DG3,C8,0.073600,1.9080
DG3,H8,0.199700,1.3590
DG3,N7,-0.572500,1.8240
DG3,C5,0.199100,1.9080
DG3,C6,0.491800,1.9080
DG3,O6,-0.569900,1.6612
DG3,N1,-0.505300,1.8240
DG3,H1,0.352000,0.6000
DG3,C2,0.743200,1.9080
DG3,N2,-0.923000,1.8240
DG3,H21,0.423500,0.6000
DG3,H22,0.423500,0.6000
DG3,N3,-0.663600,1.8240
DG3,C4,0.181400,1.9080
DG3,C3',0.071300,1.9080
DG3,H3',0.098500,1.3870
DG3,C2',-0.085400,1.9080
DG3,H2',0.071800,1.4870
DG3,H2'',0.071800,1.4870
DG3,O3',-0.654900,1.7210
DG3,H3T,0.439600,0.0000
DG5,H5T,0.442200,0.0000
DG5,O5',-0.631800,1.7210
DG5,C5',-0.006900,1.9080
DG5,H5',0.075400,1.3870
DG5,H5'',0.075400,1.3870
DG5,C4',0.162900,1.9080
DG5,H4',0.117600,1.3870
DG5,O4',-0.369100,1.6837
DG5,C1',0.035800,1.9080
DG5,H1',0.174600,1.2870
DG5,N9,0.057700,1.8240
DG5,C8,0.073600,1.9080
DG5,H8,0.199700,1.3590
DG5,N7,-0.572500,1.8240
DG5,C5,0.199100,1.9080
DG5,C6,0.491800,1.9080
DG5,O6,-0.569900,1.6612
DG5,N1,-0.505300,1.8240
DG5,H1,0.352000,0.6000
DG5,C2,0.743200,1.9080
DG5,N2,-0.923000,1.8240
DG5,H21,0.423500,0.6000
DG5,H22,0.423500,0.6000
DG5,N3,-0.663600,1.8240
DG5,C4,0.181400,1.9080
DG5,C3',0.071300,1.9080
DG5,H3',0.098500,1.3870
DG5,C2',-0.085400,1.9080
DG5,H2',0.071800,1.4870
DG5,H2'',0.071800,1.4870
DG5,O3',-0.523200,1.6837
DGN,H5T,0.442200,0.0000
DGN,O5',-0.631800,1.7210
DGN,C5',-0.006900,1.9080
DGN,H5',0.075400,1.3870
DGN,H5'',0.075400,1.3870
DGN,C4',0.162900,1.9080
DGN,H4',0.117600,1.3870
DGN,O4',-0.369100,1.6837
DGN,C1',0.035800,1.9080
DGN,H1',0.174600,1.2870
DGN,N9,0.057700,1.8240
DGN,C8,0.073600,1.9080
DGN,H8,0.199700,1.3590
DGN,N7,-0.572500,1.8240
DGN,C5,0.199100,1.9080
DGN,C6,0.491800,1.9080
DGN,O6,-0.569900,1.6612
DGN,N1,-0.505300,1.8240
DGN,H1,0.352000,0.6000
DGN,C2,0.743200,1.9080
DGN,N2,-0.923000,1.8240
DGN,H21,0.423500,0.6000
DGN,H22,0.423500,0.6000
DGN,N3,-0.663600,1.8240
DGN,C4,0.181400,1.9080
DGN,C3',0.071300,1.9080
DGN,H3',0.098500,1.3870
DGN,C2',-0.085400,1.9080
DGN,H2',0.071800,1.4870
DGN,H2'',0.071800,1.4870
DGN,O3',-0.654900,1.7210
DGN,H3T,0.439600,0.0000
DT,P,1.165900,2.1000
DT,OP1,-0.776100,1.6612
DT,OP2,-0.776100,1.6612
DT,O5',-0.495400,1.6837
DT,C5',-0.006900,1.9080
DT,H5',0.075400,1.3870
DT,H5'',0.075400,1.3870
DT,C4',0.162900,1.9080
DT,H4',0.117600,1.3870
DT,O4',-0.369100,1.6837
DT,C1',0.068000,1.9080
DT,H1',0.180400,1.2870
DT,N1,-0.023900,1.8240
DT,C6,-0.220900,1.9080
DT,H6,0.260700,1.4090
DT,C5,0.002500,1.9080
DT,C7,-0.226900,1.9080
DT,H71,0.077000,1.4870
DT,H72,0.077000,1.4870
DT,H73,0.077000,1.4870
DT,C4,0.519400,1.9080
DT,O4,-0.556300,1.6612
DT,N3,-0.434000,1.8240
DT,H3,0.342000,0.6000
DT,C2,0.567700,1.9080
DT,O2,-0.588100,1.6612
DT,C3',0.071300,1.9080
DT,H3',0.098500,1.3870
DT,C2',-0.085400,1.9080
DT,H2',0.071800,1.4870
DT,H2'',0.071800,1.4870
DT,O3',-0.523200,1.6837
DT3,P,1.165900,2.1000
DT3,OP1,-0.776100,1.6612
DT3,OP2,-0.776100,1.6612
DT3,O5',-0.495400,1.6837
DT3,C5',-0.006900,1.9080
DT3,H5',0.075400,1.3870
DT3,H5'',0.075400,1.3870
DT3,C4',0.162900,1.9080
DT3,H4',0.117600,1.3870
DT3,O4',-0.369100,1.6837
DT3,C1',0.068000,1.9080
DT3,H1',0.180400,1.2870
DT3,N1,-0.023900,1.8240
DT3,C6,-0.220900,1.9080
DT3,H6,0.260700,1.4090
DT3,C5,0.002500,1.9080
DT3,C7,-0.226900,1.9080
DT3,H71,0.077000,1.4870
DT3,H72,0.077000,1.4870
DT3,H73,0.077000,1.4870
DT3,C4,0.519400,1.9080
DT3,O4,-0.556300,1.6612
DT3,N3,-0.434000,1.8240
DT3,H3,0.342000,0.6000
DT3,C2,0.567700,1.9080
DT3,O2,-0.588100,1.6612
DT3,C3',0.071300,1.9080
DT3,H3',0.098500,1.3870
DT3,C2',-0.085400,1.9080
DT3,H2',0.071800,1.4870
DT3,H2'',0.071800,1.4870
DT3,O3',-0.654900,1.7210
DT3,H3T,0.439600,0.0000
DT5,H5T,0.442200,0.0000
DT5,O5',-0.631800,1.7210
DT5,C5',-0.006900,1.9080
DT5,H5',0.075400,1.3870
DT5,H5'',0.075400,1.3870
DT5,C4',0.162900,1.9080
DT5,H4',0.117600,1.3870
DT5,O4',-0.369100,1.6837
DT5,C1',0.068000,1.9080
DT5,H1',0.180400,1.2870
DT5,N1,-0.023900,1.8240
DT5,C6,-0.220900,1.9080
DT5,H6,0.260700,1.4090
DT5,C5,0.002500,1.9080
DT5,C7,-0.226900,1.9080
DT5,H71,0.077000,1.4870
DT5,H72,0.077000,1.4870
DT5,H73,0.077000,1.4870
DT5,C4,0.519400,1.9080
DT5,O4,-0.556300,1.6612
DT5,N3,-0.434000,1.8240
DT5,H3,0.342000,0.6000
DT5,C2,0.567700,1.9080
DT5,O2,-0.588100,1.6612
DT5,C3',0.071300,1.9080
DT5,H3',0.098500,1.3870
DT5,C2',-0.085400,1.9080
DT5,H2',0.071800,1.4870
DT5,H2'',0.071800,1.4870
DT5,O3',-0.523200,1.6837
DTN,H5T,0.442200,0.0000
DTN,O5',-0.631800,1.7210
DTN,C5',-0.006900,1.9080
DTN,H5',0.075400,1.3870
DTN,H5'',0.075400,1.3870
DTN,C4',0.162900,1.9080
DTN,H4',0.117600,1.3870
DTN,O4',-0.369100,1.6837
DTN,C1',0.068000,1.9080
DTN,H1',0.180400,1.2870
DTN,N1,-0.023900,1.8240
DTN,C6,-0.220900,1.9080
DTN,H6,0.260700,1.4090
DTN,C5,0.002500,1.9080
DTN,C7,-0.226900,1.9080
DTN,H71,0.077000,1.4870
DTN,H72,0.077000,1.4870
DTN,H73,0.077000,1.4870
DTN,C4,0.519400,1.9080
DTN,O4,-0.556300,1.6612
DTN,N3,-0.434000,1.8240
DTN,H3,0.342000,0.6000
DTN,C2,0.567700,1.9080
DTN,O2,-0.588100,1.6612
DTN,C3',0.071300,1.9080
DTN,H3',0.098500,1.3870
DTN,C2',-0.085400,1.9080
DTN,H2',0.071800,1.4870
DTN,H2'',0.071800,1.4870
DTN,O3',-0.654900,1.7210
DTN,H3T,0.439600,0.0000
